"id","user_id","created_at","device"
1,101,"2015-02-08","windows"
2,103,"2015-01-07","mac"
3,132,"2014-12-09","mac"
4,247,"2015-07-13","android"
5,313,"2015-06-20","android"
6,317,"2014-08-08","android"
7,370,"2015-06-13","windows"
8,382,"2015-06-29","mac"
9,443,"2015-06-17","android"
10,495,"2014-08-22","mac"
11,506,"2015-04-06","android"
12,565,"2014-11-24","windows"
13,639,"2015-04-03","ios"
14,693,"2015-01-21","android"
15,772,"2015-04-05","windows"
16,806,"2015-03-09","ios"
17,823,"2014-12-30","mac"
18,824,"2015-05-10","android"
19,848,"2014-10-28","android"
20,852,"2014-09-21","mac"
21,875,"2015-05-04","ios"
22,892,"2015-04-12","mac"
23,971,"2015-05-29","ios"
24,978,"2015-01-19","windows"
25,1031,"2014-08-12","ios"
26,1131,"2015-02-03","android"
27,1201,"2015-06-30","ios"
28,1256,"2015-05-25","mac"
29,1259,"2015-01-21","windows"
30,1292,"2015-03-12","android"
31,1368,"2015-07-16","android"
32,1372,"2014-10-28","ios"
33,1387,"2015-05-28","mac"
34,1426,"2015-06-02","windows"
35,1524,"2014-10-30","android"
36,1674,"2015-07-17","windows"
37,1702,"2015-04-21","android"
38,1711,"2014-09-12","ios"
39,1759,"2014-11-08","windows"
40,1764,"2014-10-23","android"
41,1819,"2014-10-13","windows"
42,1865,"2015-04-06","mac"
43,1932,"2015-06-02","windows"
44,1955,"2015-04-18","android"
45,2032,"2014-10-03","windows"
46,2229,"2015-07-14","windows"
47,2249,"2015-06-10","android"
48,2289,"2014-10-15","mac"
49,2313,"2014-12-01","android"
50,2323,"2015-04-11","android"
51,2363,"2014-09-15","windows"
52,2365,"2014-10-31","ios"
53,2478,"2014-12-25","mac"
54,2603,"2015-04-13","ios"
55,2641,"2015-07-02","mac"
56,2689,"2014-09-28","mac"
57,2711,"2014-12-05","android"
58,2720,"2014-11-14","windows"
59,2780,"2014-11-08","ios"
60,2839,"2014-12-26","android"
61,2862,"2014-12-04","mac"
62,3049,"2014-12-16","mac"
63,3132,"2015-04-27","mac"
64,3153,"2015-07-07","windows"
65,3168,"2014-09-10","mac"
66,3192,"2015-06-03","mac"
67,3221,"2014-08-01","android"
68,3237,"2015-02-18","ios"
69,3237,"2015-07-13","mac"
70,3266,"2014-09-03","ios"
71,3392,"2014-08-07","android"
72,3549,"2014-12-21","ios"
73,3572,"2014-11-19","ios"
74,3681,"2014-09-20","windows"
75,3748,"2014-09-04","windows"
76,3784,"2014-08-08","windows"
77,3789,"2014-12-14","windows"
78,3833,"2014-09-29","android"
79,3842,"2015-05-17","android"
80,3893,"2015-03-16","mac"
81,3922,"2014-08-13","windows"
82,4003,"2014-09-24","windows"
83,4023,"2015-07-20","windows"
84,4073,"2015-07-08","ios"
85,4119,"2014-10-06","windows"
86,4199,"2015-04-25","mac"
87,4302,"2014-09-09","android"
88,4309,"2015-07-21","ios"
89,4403,"2014-10-26","ios"
90,4459,"2015-02-25","android"
91,4495,"2014-12-12","android"
92,4531,"2015-02-13","mac"
93,4591,"2015-05-25","ios"
94,4648,"2014-10-14","mac"
95,4653,"2014-07-31","ios"
96,4657,"2014-12-10","ios"
97,4697,"2015-05-31","mac"
98,4716,"2015-07-14","windows"
99,4773,"2014-08-24","windows"
100,4786,"2015-07-18","android"
101,4802,"2014-12-01","windows"
102,4803,"2015-01-01","mac"
103,4915,"2014-09-18","ios"
104,4955,"2015-03-17","mac"
105,4993,"2014-12-03","windows"
106,5035,"2015-04-29","ios"
107,5043,"2014-09-10","ios"
108,5090,"2014-10-21","android"
109,5095,"2015-03-18","android"
110,5108,"2015-01-16","mac"
111,5194,"2014-11-14","android"
112,5291,"2014-11-07","mac"
113,5339,"2015-02-16","mac"
114,5411,"2015-03-27","mac"
115,5419,"2015-07-04","android"
116,5433,"2015-01-12","windows"
117,5489,"2014-09-18","windows"
118,5542,"2014-10-07","mac"
119,5591,"2015-02-15","windows"
120,5641,"2014-08-11","mac"
121,5660,"2014-08-12","ios"
122,5669,"2014-09-14","ios"
123,5685,"2015-07-17","ios"
124,5728,"2014-12-05","android"
125,5772,"2015-03-30","android"
126,5795,"2015-04-28","android"
127,5923,"2014-12-29","android"
128,5925,"2015-05-24","windows"
129,6028,"2014-12-15","ios"
130,6062,"2014-08-25","windows"
131,6117,"2015-05-27","windows"
132,6169,"2015-02-02","ios"
133,6170,"2015-01-28","ios"
134,6236,"2015-07-17","mac"
135,6257,"2015-04-26","android"
136,6285,"2015-03-15","mac"
137,6321,"2015-07-20","android"
138,6365,"2015-03-04","mac"
139,6380,"2014-10-13","ios"
140,6396,"2014-09-24","windows"
141,6403,"2015-04-30","mac"
142,6427,"2015-02-06","windows"
143,6449,"2015-03-03","ios"
144,6542,"2014-08-27","mac"
145,6599,"2014-12-14","windows"
146,6645,"2015-03-15","ios"
147,6665,"2015-06-22","ios"
148,6840,"2015-02-26","android"
149,6854,"2015-03-03","android"
150,6930,"2014-10-17","android"
151,7091,"2015-06-07","ios"
152,7104,"2015-03-10","windows"
153,7116,"2014-11-18","ios"
154,7125,"2014-12-25","ios"
155,7249,"2015-06-09","mac"
156,7319,"2015-02-03","mac"
157,7352,"2014-09-25","mac"
158,7503,"2015-01-01","android"
159,7506,"2014-10-04","ios"
160,7538,"2015-02-11","ios"
161,7677,"2014-10-27","android"
162,7692,"2015-02-21","ios"
163,7716,"2015-03-22","windows"
164,7746,"2015-01-15","windows"
165,7778,"2014-07-25","android"
166,7828,"2014-12-30","ios"
167,7884,"2014-12-01","windows"
168,7944,"2014-09-05","ios"
169,8004,"2015-07-10","ios"
170,8205,"2015-04-27","android"
171,8247,"2015-06-19","android"
172,8263,"2014-09-18","mac"
173,8272,"2015-01-13","ios"
174,8284,"2015-01-07","android"
175,8361,"2014-09-15","windows"
176,8382,"2014-09-14","mac"
177,8389,"2014-09-20","android"
178,8465,"2014-10-06","ios"
179,8470,"2014-07-27","mac"
180,8570,"2015-03-17","ios"
181,8578,"2014-11-12","windows"
182,8613,"2015-04-06","windows"
183,8776,"2014-11-18","mac"
184,8844,"2014-09-15","android"
185,8844,"2014-08-21","windows"
186,8903,"2014-12-08","ios"
187,8961,"2014-08-17","android"
188,9044,"2015-04-10","windows"
189,9082,"2015-04-11","android"
190,9287,"2014-08-15","windows"
191,9384,"2014-07-29","android"
192,9460,"2015-06-08","ios"
193,9472,"2014-12-03","windows"
194,9487,"2015-05-06","ios"
195,9538,"2014-10-28","mac"
196,9590,"2014-11-27","mac"
197,9636,"2015-05-27","windows"
198,9693,"2015-06-06","windows"
199,9734,"2015-06-02","mac"
200,9761,"2015-03-22","ios"
201,9802,"2014-08-19","ios"
202,9960,"2015-01-10","ios"
203,9976,"2015-05-05","windows"
204,9991,"2015-06-19","mac"
205,10019,"2015-01-26","windows"
206,10140,"2015-01-25","windows"
207,10147,"2014-09-24","ios"
208,10162,"2015-06-15","ios"
209,10173,"2014-08-24","windows"
210,10231,"2014-11-28","windows"
211,10254,"2015-05-20","android"
212,10308,"2015-05-06","ios"
213,10331,"2015-07-05","android"
214,10394,"2014-09-21","windows"
215,10488,"2014-11-03","windows"
216,10503,"2014-11-04","windows"
217,10530,"2015-04-30","android"
218,10558,"2014-09-20","android"
219,10605,"2015-04-23","mac"
220,10681,"2015-02-07","android"
221,10683,"2015-01-30","android"
222,10688,"2015-03-29","windows"
223,10697,"2015-06-10","mac"
224,10709,"2015-07-14","mac"
225,10847,"2015-06-25","ios"
226,10886,"2014-10-17","android"
227,10891,"2014-08-21","ios"
228,10949,"2015-01-21","windows"
229,10966,"2014-09-25","mac"
230,10972,"2015-05-17","windows"
231,11023,"2014-07-30","mac"
232,11040,"2015-06-04","mac"
233,11169,"2014-08-08","mac"
234,11200,"2015-02-09","android"
235,11227,"2014-09-03","mac"
236,11281,"2015-03-07","android"
237,11337,"2014-08-30","windows"
238,11360,"2014-08-13","ios"
239,11387,"2015-04-21","ios"
240,11520,"2015-02-24","mac"
241,11762,"2015-04-19","ios"
242,11774,"2015-05-01","ios"
243,11800,"2015-05-24","windows"
244,11846,"2015-03-03","windows"
245,11859,"2015-02-25","windows"
246,11999,"2015-02-27","mac"
247,12128,"2015-05-27","windows"
248,12151,"2014-10-29","android"
249,12194,"2014-10-30","windows"
250,12251,"2015-02-04","ios"
251,12307,"2015-07-14","mac"
252,12349,"2015-01-14","ios"
253,12385,"2015-07-20","ios"
254,12419,"2014-11-03","android"
255,12585,"2014-12-19","mac"
256,12633,"2014-11-24","mac"
257,12634,"2015-03-31","ios"
258,12636,"2014-08-22","android"
259,12681,"2015-06-14","android"
260,12717,"2014-10-14","mac"
261,12755,"2015-02-18","ios"
262,12808,"2014-08-05","android"
263,12818,"2015-05-02","ios"
264,12821,"2014-07-28","windows"
265,12834,"2014-10-10","android"
266,12854,"2014-11-12","mac"
267,12875,"2015-07-07","ios"
268,12904,"2015-06-23","ios"
269,12942,"2014-08-12","android"
270,13074,"2015-01-29","mac"
271,13123,"2014-11-16","windows"
272,13197,"2015-04-06","android"
273,13231,"2014-11-26","ios"
274,13240,"2014-09-30","windows"
275,13357,"2015-02-01","ios"
276,13379,"2015-02-28","windows"
277,13548,"2015-04-25","mac"
278,13594,"2015-05-27","mac"
279,13640,"2014-09-12","ios"
280,13659,"2015-05-03","android"
281,13669,"2015-02-03","ios"
282,13756,"2014-10-16","mac"
283,13768,"2014-11-11","android"
284,13773,"2014-10-06","mac"
285,13968,"2015-02-09","ios"
286,14127,"2014-10-20","mac"
287,14171,"2015-02-22","windows"
288,14217,"2014-11-23","android"
289,14222,"2014-08-16","mac"
290,14280,"2015-04-07","mac"
291,14351,"2015-03-10","windows"
292,14352,"2014-11-16","mac"
293,14357,"2015-01-30","windows"
294,14361,"2014-09-06","android"
295,14370,"2014-12-19","android"
296,14396,"2015-05-21","mac"
297,14469,"2014-08-04","windows"
298,14555,"2014-08-31","windows"
299,14586,"2015-01-22","ios"
300,14592,"2014-12-05","mac"
301,14618,"2014-10-20","windows"
302,14653,"2014-09-19","android"
303,14707,"2014-08-20","android"
304,14763,"2015-07-11","ios"
305,14768,"2014-11-08","android"
306,14807,"2015-01-27","mac"
307,14960,"2014-10-09","windows"
308,14983,"2015-07-15","ios"
309,15017,"2014-11-18","mac"
310,15034,"2015-01-05","mac"
311,15151,"2014-07-31","ios"
312,15195,"2014-11-29","android"
313,15219,"2014-09-28","mac"
314,15251,"2015-02-01","ios"
315,15315,"2014-10-07","ios"
316,15414,"2015-06-25","windows"
317,15497,"2015-02-21","ios"
318,15516,"2015-06-02","ios"
319,15517,"2014-10-03","mac"
320,15527,"2015-04-11","mac"
321,15536,"2015-02-26","android"
322,15621,"2015-01-05","mac"
323,15629,"2015-07-07","android"
324,15642,"2015-01-11","windows"
325,15657,"2014-09-06","ios"
326,15703,"2015-02-07","mac"
327,15715,"2015-03-14","windows"
328,15787,"2015-06-21","android"
329,15946,"2015-07-09","ios"
330,15989,"2014-09-22","ios"
331,16014,"2014-11-12","ios"
332,16029,"2014-11-08","ios"
333,16031,"2015-01-07","ios"
334,16064,"2015-03-28","ios"
335,16072,"2015-02-12","android"
336,16073,"2014-09-03","windows"
337,16080,"2014-07-30","windows"
338,16101,"2014-08-08","windows"
339,16156,"2015-06-13","ios"
340,16196,"2014-08-01","windows"
341,16240,"2015-05-15","ios"
342,16247,"2015-07-16","android"
343,16315,"2015-04-02","mac"
344,16358,"2015-02-09","ios"
345,16476,"2014-09-24","windows"
346,16638,"2014-08-23","android"
347,16721,"2015-02-21","mac"
348,16723,"2014-10-04","windows"
349,16745,"2015-03-21","android"
350,16822,"2015-06-25","windows"
351,17031,"2014-10-06","mac"
352,17067,"2015-06-08","android"
353,17095,"2014-08-02","mac"
354,17102,"2014-08-23","mac"
355,17146,"2014-09-23","mac"
356,17156,"2015-04-08","android"
357,17156,"2015-04-06","mac"
358,17180,"2014-08-24","ios"
359,17191,"2015-06-11","windows"
360,17233,"2015-05-17","windows"
361,17240,"2015-02-28","ios"
362,17258,"2015-05-16","windows"
363,17325,"2014-11-26","ios"
364,17404,"2014-12-15","mac"
365,17487,"2015-02-10","mac"
366,17502,"2015-07-18","android"
367,17570,"2015-01-14","android"
368,17646,"2015-07-17","android"
369,17726,"2015-05-10","android"
370,17731,"2015-06-26","windows"
371,17733,"2015-04-23","windows"
372,17780,"2015-06-01","mac"
373,17821,"2015-04-04","android"
374,17829,"2014-07-30","mac"
375,17890,"2015-07-18","windows"
376,17903,"2014-12-21","android"
377,17942,"2015-05-18","windows"
378,17972,"2015-05-29","mac"
379,18016,"2015-06-03","android"
380,18067,"2015-03-31","android"
381,18106,"2014-11-03","ios"
382,18256,"2015-07-05","windows"
383,18437,"2015-03-04","ios"
384,18449,"2014-10-28","windows"
385,18465,"2015-05-14","ios"
386,18507,"2014-10-03","mac"
387,18524,"2015-04-28","mac"
388,18567,"2015-02-24","windows"
389,18570,"2015-02-17","android"
390,18590,"2014-08-24","windows"
391,18674,"2015-07-03","mac"
392,18683,"2015-05-16","windows"
393,18741,"2015-01-15","mac"
394,18795,"2014-09-28","mac"
395,18803,"2015-03-20","windows"
396,18865,"2015-07-05","ios"
397,18883,"2015-03-20","android"
398,18895,"2014-11-04","android"
399,19037,"2014-08-12","windows"
400,19139,"2015-06-04","windows"
401,19264,"2014-12-07","mac"
402,19281,"2014-09-03","mac"
403,19282,"2015-07-19","ios"
404,19362,"2015-05-26","mac"
405,19403,"2014-09-29","android"
406,19404,"2015-04-08","mac"
407,19462,"2014-07-27","mac"
408,19465,"2015-07-19","mac"
409,19521,"2014-08-13","windows"
410,19523,"2015-01-02","mac"
411,19528,"2015-01-19","ios"
412,19630,"2015-05-02","mac"
413,19639,"2014-08-02","android"
414,19742,"2015-03-11","ios"
415,19748,"2014-10-16","ios"
416,19778,"2014-10-17","ios"
417,19802,"2015-01-28","ios"
418,19808,"2015-07-21","mac"
419,19833,"2014-12-31","android"
420,19853,"2014-11-16","windows"
421,19873,"2014-09-06","mac"
422,19881,"2015-06-18","ios"
423,19894,"2014-10-18","ios"
424,19911,"2015-07-11","android"
425,19946,"2014-11-01","mac"
426,20007,"2015-02-07","mac"
427,20021,"2014-10-14","windows"
428,20022,"2015-04-04","android"
429,20071,"2014-11-06","mac"
430,20104,"2015-01-19","windows"
431,20164,"2015-06-18","mac"
432,20204,"2014-12-13","android"
433,20235,"2015-04-22","ios"
434,20391,"2014-09-03","ios"
435,20396,"2015-04-05","windows"
436,20422,"2015-03-11","windows"
437,20459,"2014-11-22","mac"
438,20551,"2014-11-26","windows"
439,20651,"2015-04-22","mac"
440,20659,"2014-12-01","ios"
441,20683,"2015-02-25","android"
442,20796,"2015-03-12","android"
443,20825,"2014-08-13","ios"
444,20883,"2014-09-04","mac"
445,20909,"2014-11-08","ios"
446,20936,"2015-05-09","android"
447,20980,"2014-12-07","mac"
448,20988,"2015-05-16","android"
449,21049,"2015-01-29","ios"
450,21057,"2014-10-08","mac"
451,21073,"2014-11-28","android"
452,21122,"2014-12-24","mac"
453,21140,"2015-02-01","windows"
454,21157,"2015-06-04","android"
455,21297,"2014-10-13","windows"
456,21336,"2014-11-06","windows"
457,21405,"2015-03-01","android"
458,21568,"2014-07-26","mac"
459,21657,"2014-10-16","android"
460,21696,"2015-01-11","windows"
461,21715,"2014-07-27","windows"
462,21842,"2015-02-22","android"
463,21896,"2015-02-22","android"
464,21966,"2015-03-29","ios"
465,22008,"2014-11-02","android"
466,22243,"2014-10-31","mac"
467,22268,"2014-10-20","mac"
468,22307,"2015-04-08","android"
469,22420,"2015-01-04","mac"
470,22431,"2014-10-15","android"
471,22431,"2015-06-02","ios"
472,22432,"2015-03-04","android"
473,22479,"2014-12-12","ios"
474,22662,"2015-06-10","ios"
475,22686,"2014-08-05","mac"
476,22721,"2014-11-16","windows"
477,22737,"2015-01-12","windows"
478,22855,"2015-03-15","android"
479,22857,"2015-01-31","mac"
480,22879,"2015-02-25","windows"
481,22967,"2015-04-14","windows"
482,23006,"2015-01-24","windows"
483,23007,"2015-05-14","ios"
484,23228,"2015-03-19","mac"
485,23241,"2014-08-05","ios"
486,23248,"2015-06-29","mac"
487,23270,"2015-06-21","ios"
488,23331,"2015-03-12","mac"
489,23438,"2015-06-24","mac"
490,23452,"2014-11-16","android"
491,23486,"2015-02-13","ios"
492,23527,"2015-01-25","windows"
493,23574,"2014-09-02","ios"
494,23601,"2015-03-22","ios"
495,23632,"2015-03-15","mac"
496,23798,"2015-02-09","android"
497,23815,"2015-07-13","mac"
498,23943,"2015-05-18","mac"
499,23950,"2014-09-17","windows"
500,23968,"2015-03-01","android"
501,24005,"2015-03-08","windows"
502,24065,"2015-05-01","windows"
503,24113,"2015-01-11","mac"
504,24119,"2015-05-23","android"
505,24123,"2015-04-19","android"
506,24124,"2014-10-19","mac"
507,24166,"2014-08-01","mac"
508,24191,"2015-05-15","ios"
509,24218,"2015-03-13","windows"
510,24223,"2015-05-12","android"
511,24224,"2014-10-27","windows"
512,24266,"2015-07-04","mac"
513,24277,"2015-03-14","ios"
514,24310,"2015-02-27","android"
515,24314,"2014-11-19","android"
516,24445,"2015-07-17","android"
517,24445,"2015-04-15","android"
518,24457,"2014-10-07","android"
519,24490,"2015-04-19","mac"
520,24491,"2014-07-30","windows"
521,24519,"2015-05-21","android"
522,24524,"2014-08-18","ios"
523,24691,"2015-05-21","ios"
524,24755,"2015-02-24","windows"
525,24813,"2015-03-21","android"
526,24814,"2014-12-10","ios"
527,24898,"2014-09-15","mac"
528,24955,"2014-12-01","ios"
529,24968,"2014-11-24","windows"
530,25003,"2015-01-28","mac"
531,25075,"2014-10-08","android"
532,25076,"2015-04-09","ios"
533,25259,"2014-10-02","mac"
534,25265,"2015-06-04","android"
535,25278,"2014-12-21","ios"
536,25338,"2015-02-09","ios"
537,25439,"2015-01-30","mac"
538,25441,"2015-03-05","mac"
539,25524,"2015-04-09","mac"
540,25578,"2015-05-07","mac"
541,25668,"2015-03-06","ios"
542,25691,"2015-05-07","ios"
543,25701,"2014-10-14","android"
544,25813,"2015-07-12","mac"
545,25866,"2014-12-20","windows"
546,26054,"2015-06-16","android"
547,26121,"2014-10-20","ios"
548,26150,"2015-04-28","windows"
549,26186,"2015-06-13","android"
550,26192,"2014-12-15","mac"
551,26202,"2015-05-24","ios"
552,26249,"2014-12-08","mac"
553,26263,"2014-09-13","ios"
554,26273,"2014-08-01","windows"
555,26285,"2014-07-29","windows"
556,26328,"2014-08-16","ios"
557,26338,"2015-03-10","mac"
558,26364,"2014-10-05","android"
559,26463,"2014-11-19","windows"
560,26480,"2014-07-23","mac"
561,26525,"2015-06-01","ios"
562,26532,"2015-03-19","android"
563,26579,"2014-12-07","windows"
564,26690,"2014-09-11","android"
565,26706,"2014-10-20","ios"
566,26752,"2015-02-01","windows"
567,26821,"2014-09-08","android"
568,26861,"2015-05-08","ios"
569,26938,"2014-11-22","windows"
570,27024,"2014-09-14","android"
571,27141,"2015-02-26","windows"
572,27144,"2015-04-07","mac"
573,27157,"2015-01-09","ios"
574,27157,"2014-12-03","ios"
575,27201,"2015-01-21","windows"
576,27233,"2015-01-05","mac"
577,27273,"2015-01-19","android"
578,27307,"2014-09-24","android"
579,27349,"2014-10-20","ios"
580,27361,"2014-10-11","ios"
581,27452,"2014-11-22","mac"
582,27488,"2014-10-07","mac"
583,27512,"2014-09-12","ios"
584,27523,"2014-09-28","windows"
585,27544,"2015-03-24","android"
586,27571,"2014-09-28","mac"
587,27583,"2014-08-20","ios"
588,27685,"2014-10-28","ios"
589,27952,"2014-09-08","android"
590,27991,"2015-04-03","android"
591,28016,"2014-12-27","mac"
592,28032,"2015-02-24","mac"
593,28040,"2015-03-16","android"
594,28045,"2015-02-07","mac"
595,28190,"2014-12-02","ios"
596,28287,"2015-01-31","mac"
597,28306,"2015-01-27","windows"
598,28319,"2015-01-26","mac"
599,28334,"2015-07-08","mac"
600,28350,"2014-08-11","mac"
601,28351,"2014-10-22","android"
602,28362,"2014-08-24","android"
603,28369,"2014-08-28","mac"
604,28414,"2014-12-07","ios"
605,28516,"2014-08-10","windows"
606,28517,"2014-09-30","windows"
607,28543,"2014-12-26","android"
608,28569,"2014-09-10","windows"
609,28595,"2015-05-05","android"
610,28623,"2015-01-02","ios"
611,28760,"2014-11-08","android"
612,28788,"2015-01-05","windows"
613,28836,"2015-07-08","ios"
614,28887,"2015-06-28","android"
615,28910,"2015-01-02","ios"
616,28920,"2015-04-19","ios"
617,28962,"2014-09-15","ios"
618,28971,"2014-12-08","android"
619,28975,"2014-11-04","android"
620,29071,"2015-02-21","mac"
621,29124,"2015-03-09","ios"
622,29309,"2015-03-08","mac"
623,29309,"2014-10-28","ios"
624,29425,"2015-06-11","android"
625,29429,"2015-05-12","mac"
626,29527,"2015-05-07","ios"
627,29552,"2014-12-01","android"
628,29579,"2015-04-02","ios"
629,29590,"2015-04-19","ios"
630,29719,"2015-07-06","mac"
631,29790,"2015-07-22","android"
632,29799,"2015-06-14","windows"
633,29812,"2015-06-27","mac"
634,29817,"2014-08-11","windows"
635,29856,"2015-06-06","windows"
636,29856,"2014-11-30","windows"
637,29871,"2014-07-28","android"
638,29883,"2015-03-25","mac"
639,30033,"2015-06-19","windows"
640,30054,"2014-11-03","windows"
641,30076,"2014-11-06","android"
642,30304,"2015-01-19","windows"
643,30326,"2015-01-15","windows"
644,30390,"2015-04-15","mac"
645,30400,"2015-07-06","android"
646,30418,"2014-10-02","android"
647,30421,"2014-10-24","ios"
648,30424,"2015-02-23","mac"
649,30446,"2015-06-22","windows"
650,30482,"2014-11-19","android"
651,30511,"2015-06-01","android"
652,30548,"2015-06-24","mac"
653,30564,"2014-10-02","windows"
654,30583,"2014-10-28","mac"
655,30638,"2014-09-02","ios"
656,30649,"2015-07-01","windows"
657,30681,"2014-07-25","ios"
658,30685,"2015-04-09","windows"
659,30748,"2015-03-20","mac"
660,30761,"2015-06-26","android"
661,30765,"2014-11-22","ios"
662,30820,"2014-08-24","mac"
663,30848,"2015-03-06","mac"
664,30892,"2014-10-21","mac"
665,30936,"2014-09-28","android"
666,31002,"2015-05-02","ios"
667,31028,"2014-12-05","android"
668,31039,"2015-03-06","windows"
669,31116,"2014-08-19","mac"
670,31174,"2014-09-03","windows"
671,31242,"2015-03-18","android"
672,31283,"2014-09-20","mac"
673,31313,"2015-05-27","windows"
674,31317,"2015-06-19","mac"
675,31376,"2014-12-27","ios"
676,31396,"2015-07-15","mac"
677,31416,"2014-12-31","windows"
678,31445,"2014-12-07","ios"
679,31468,"2014-08-12","android"
680,31687,"2015-04-17","ios"
681,31778,"2014-12-27","android"
682,31783,"2015-05-30","android"
683,31790,"2015-05-29","ios"
684,31877,"2014-12-29","android"
685,31881,"2015-01-24","android"
686,31919,"2015-03-29","mac"
687,31925,"2014-08-01","android"
688,31949,"2015-01-01","windows"
689,31971,"2015-04-12","android"
690,32015,"2015-02-05","ios"
691,32083,"2015-06-26","android"
692,32126,"2014-11-05","android"
693,32132,"2015-02-04","mac"
694,32185,"2015-05-09","ios"
695,32188,"2014-07-28","windows"
696,32207,"2014-07-24","android"
697,32267,"2015-06-26","windows"
698,32269,"2014-10-02","windows"
699,32274,"2014-11-03","mac"
700,32290,"2015-01-14","windows"
701,32319,"2015-04-12","android"
702,32331,"2015-03-07","android"
703,32354,"2014-11-03","windows"
704,32386,"2014-12-16","mac"
705,32409,"2015-04-29","android"
706,32548,"2014-10-30","mac"
707,32566,"2014-08-06","ios"
708,32587,"2015-06-05","mac"
709,32657,"2014-08-16","mac"
710,32662,"2015-06-10","windows"
711,32673,"2015-03-06","android"
712,32781,"2014-12-21","ios"
713,32823,"2014-11-05","ios"
714,33014,"2015-05-11","android"
715,33042,"2015-06-14","windows"
716,33070,"2014-09-13","windows"
717,33084,"2015-06-23","ios"
718,33200,"2014-09-08","windows"
719,33227,"2015-02-15","android"
720,33269,"2015-05-10","ios"
721,33294,"2014-11-25","android"
722,33355,"2015-06-22","windows"
723,33366,"2015-02-25","android"
724,33372,"2014-12-11","ios"
725,33391,"2015-07-10","windows"
726,33407,"2014-11-08","mac"
727,33451,"2015-07-15","android"
728,33460,"2015-06-24","android"
729,33611,"2015-03-25","android"
730,33640,"2015-07-05","mac"
731,33654,"2014-10-20","android"
732,33663,"2015-04-05","windows"
733,33691,"2015-01-07","mac"
734,33748,"2014-11-22","android"
735,33786,"2015-06-11","android"
736,33810,"2014-09-01","ios"
737,33907,"2014-10-24","ios"
738,33970,"2014-08-03","ios"
739,34016,"2015-02-11","ios"
740,34044,"2014-10-02","windows"
741,34106,"2015-06-06","android"
742,34141,"2015-05-08","mac"
743,34168,"2014-09-01","windows"
744,34212,"2014-12-19","ios"
745,34219,"2015-07-18","android"
746,34229,"2015-03-27","mac"
747,34239,"2015-06-02","ios"
748,34239,"2014-09-21","windows"
749,34254,"2015-05-02","ios"
750,34256,"2015-07-16","windows"
751,34275,"2014-12-17","windows"
752,34281,"2015-07-16","windows"
753,34290,"2014-08-19","android"
754,34292,"2014-10-06","mac"
755,34315,"2015-04-01","ios"
756,34338,"2015-01-20","ios"
757,34339,"2014-08-22","mac"
758,34360,"2014-11-14","ios"
759,34366,"2014-11-13","windows"
760,34401,"2015-04-28","ios"
761,34406,"2014-08-15","ios"
762,34574,"2015-07-01","mac"
763,34608,"2014-11-20","mac"
764,34613,"2015-02-19","ios"
765,34635,"2014-10-10","android"
766,34655,"2015-01-14","mac"
767,34811,"2014-07-27","ios"
768,34819,"2015-05-21","windows"
769,34948,"2015-05-04","mac"
770,35005,"2014-09-18","mac"
771,35057,"2015-07-08","windows"
772,35110,"2015-06-18","mac"
773,35134,"2015-05-16","windows"
774,35149,"2014-08-13","ios"
775,35197,"2015-06-19","ios"
776,35200,"2014-09-20","mac"
777,35230,"2015-02-08","mac"
778,35402,"2015-01-29","ios"
779,35417,"2015-06-29","mac"
780,35439,"2015-05-27","mac"
781,35488,"2015-04-23","mac"
782,35637,"2014-09-11","windows"
783,35703,"2015-05-05","mac"
784,35815,"2014-09-25","ios"
785,35947,"2015-05-29","ios"
786,36064,"2014-11-02","ios"
787,36073,"2015-06-20","android"
788,36226,"2014-10-05","windows"
789,36376,"2015-01-05","mac"
790,36376,"2015-01-04","windows"
791,36404,"2015-05-13","windows"
792,36432,"2015-06-17","windows"
793,36452,"2014-08-17","mac"
794,36472,"2014-10-17","mac"
795,36510,"2015-03-24","ios"
796,36660,"2015-05-24","ios"
797,36693,"2014-10-02","ios"
798,36697,"2015-07-07","mac"
799,36714,"2015-03-31","mac"
800,36801,"2014-09-05","mac"
801,36810,"2015-02-07","windows"
802,36853,"2014-07-26","windows"
803,36857,"2015-01-29","android"
804,36866,"2015-02-21","android"
805,36901,"2015-01-25","android"
806,36921,"2015-04-23","mac"
807,37006,"2014-10-09","windows"
808,37024,"2015-05-27","mac"
809,37040,"2015-05-24","android"
810,37092,"2015-02-15","android"
811,37272,"2015-02-11","ios"
812,37333,"2014-11-30","ios"
813,37363,"2015-02-24","ios"
814,37385,"2015-03-04","windows"
815,37430,"2014-12-06","mac"
816,37529,"2015-03-04","android"
817,37561,"2014-08-09","android"
818,37570,"2014-11-10","windows"
819,37610,"2014-10-29","ios"
820,37640,"2014-11-21","windows"
821,37645,"2014-12-31","ios"
822,37679,"2014-10-03","ios"
823,37702,"2015-04-16","windows"
824,37725,"2014-08-08","ios"
825,37742,"2015-04-11","windows"
826,37743,"2015-06-11","ios"
827,37788,"2014-09-03","windows"
828,37820,"2015-01-06","mac"
829,37872,"2015-03-28","windows"
830,37904,"2015-02-27","windows"
831,37982,"2014-08-10","mac"
832,38075,"2015-03-17","android"
833,38133,"2014-08-04","ios"
834,38243,"2014-12-21","android"
835,38261,"2014-12-26","windows"
836,38266,"2014-10-17","windows"
837,38306,"2014-09-29","android"
838,38310,"2014-07-29","ios"
839,38322,"2015-02-09","mac"
840,38353,"2015-05-07","android"
841,38435,"2015-02-20","ios"
842,38505,"2014-09-23","ios"
843,38519,"2015-01-19","mac"
844,38599,"2014-11-06","windows"
845,38680,"2014-09-24","mac"
846,38683,"2014-08-07","mac"
847,38692,"2015-06-09","ios"
848,38709,"2015-05-06","android"
849,38716,"2014-12-30","windows"
850,38723,"2014-10-14","mac"
851,38725,"2014-09-02","ios"
852,38805,"2015-01-21","windows"
853,38839,"2014-08-07","mac"
854,38873,"2015-04-27","android"
855,38903,"2015-04-11","mac"
856,38936,"2015-04-29","ios"
857,38953,"2015-07-06","android"
858,38956,"2014-10-09","windows"
859,39008,"2015-04-12","android"
860,39028,"2014-12-18","mac"
861,39099,"2014-10-02","android"
862,39186,"2014-10-13","windows"
863,39200,"2015-05-18","windows"
864,39321,"2015-05-30","ios"
865,39323,"2014-10-31","ios"
866,39370,"2014-12-20","android"
867,39404,"2015-02-26","ios"
868,39434,"2015-07-05","android"
869,39434,"2015-06-11","windows"
870,39710,"2015-03-28","android"
871,39713,"2015-07-19","mac"
872,39714,"2014-10-12","android"
873,39948,"2015-02-26","windows"
874,39964,"2015-07-07","mac"
875,40062,"2015-01-19","mac"
876,40222,"2014-12-14","ios"
877,40392,"2014-09-07","windows"
878,40393,"2015-01-11","ios"
879,40396,"2015-05-04","android"
880,40450,"2015-06-25","android"
881,40459,"2015-06-23","android"
882,40476,"2015-03-29","ios"
883,40495,"2014-10-21","android"
884,40550,"2014-09-21","ios"
885,40555,"2015-03-20","android"
886,40558,"2015-02-26","mac"
887,40661,"2014-10-18","windows"
888,40725,"2015-02-24","android"
889,40732,"2014-09-03","android"
890,40780,"2015-06-27","mac"
891,40807,"2015-06-04","ios"
892,40819,"2015-02-14","ios"
893,40932,"2014-09-05","ios"
894,40962,"2015-02-01","windows"
895,41009,"2014-10-13","windows"
896,41019,"2014-09-03","android"
897,41061,"2015-07-10","android"
898,41158,"2015-06-24","windows"
899,41174,"2015-07-14","windows"
900,41313,"2014-10-11","mac"
901,41344,"2015-02-09","mac"
902,41575,"2015-01-21","android"
903,41614,"2015-03-09","mac"
904,41667,"2014-10-02","android"
905,41695,"2015-04-07","mac"
906,41720,"2014-07-31","mac"
907,41747,"2015-02-21","ios"
908,41956,"2014-09-16","windows"
909,41958,"2015-01-12","ios"
910,42090,"2015-02-13","mac"
911,42204,"2014-11-07","windows"
912,42243,"2014-10-09","mac"
913,42301,"2015-03-03","ios"
914,42328,"2014-10-27","android"
915,42406,"2014-08-13","windows"
916,42415,"2015-01-22","windows"
917,42421,"2015-03-26","windows"
918,42422,"2014-09-17","ios"
919,42524,"2014-08-13","ios"
920,42533,"2015-02-11","ios"
921,42548,"2014-12-19","android"
922,42563,"2015-02-01","mac"
923,42655,"2015-04-20","mac"
924,42751,"2014-08-09","mac"
925,42752,"2015-07-21","windows"
926,42781,"2014-10-12","mac"
927,42807,"2015-03-03","android"
928,42865,"2014-11-19","windows"
929,42875,"2015-06-09","ios"
930,42907,"2015-02-15","android"
931,43017,"2014-09-04","ios"
932,43027,"2015-02-07","mac"
933,43090,"2015-07-12","android"
934,43096,"2015-02-09","android"
935,43144,"2014-12-09","mac"
936,43196,"2015-01-31","ios"
937,43245,"2015-07-16","ios"
938,43292,"2015-05-31","android"
939,43439,"2014-12-14","ios"
940,43440,"2014-11-19","ios"
941,43445,"2015-03-09","windows"
942,43497,"2015-01-31","windows"
943,43514,"2014-09-04","android"
944,43531,"2015-07-13","android"
945,43607,"2015-03-13","ios"
946,43650,"2014-10-25","windows"
947,43691,"2014-12-20","ios"
948,43714,"2015-05-08","mac"
949,43876,"2015-02-17","mac"
950,43958,"2015-02-18","windows"
951,44031,"2015-05-03","android"
952,44042,"2014-11-16","windows"
953,44042,"2015-05-28","windows"
954,44062,"2015-07-12","mac"
955,44083,"2014-08-03","ios"
956,44091,"2015-01-15","android"
957,44148,"2015-04-25","mac"
958,44183,"2015-05-30","android"
959,44263,"2015-03-16","windows"
960,44280,"2015-02-21","ios"
961,44307,"2014-12-07","mac"
962,44388,"2014-08-07","ios"
963,44496,"2014-11-11","ios"
964,44574,"2014-12-27","windows"
965,44699,"2015-07-04","windows"
966,44755,"2015-03-06","android"
967,44758,"2015-03-26","mac"
968,44762,"2015-04-03","windows"
969,44799,"2015-01-13","windows"
970,44832,"2015-06-23","mac"
971,44858,"2014-12-29","windows"
972,44928,"2015-03-01","mac"
973,45004,"2014-11-15","ios"
974,45070,"2015-02-12","windows"
975,45166,"2014-09-19","windows"
976,45224,"2015-05-10","mac"
977,45421,"2014-08-28","ios"
978,45485,"2014-10-10","android"
979,45545,"2015-01-18","windows"
980,45555,"2014-08-24","windows"
981,45692,"2015-06-11","android"
982,45695,"2015-05-19","windows"
983,45721,"2015-03-10","android"
984,45730,"2014-09-25","android"
985,45762,"2014-09-15","android"
986,45776,"2014-11-13","windows"
987,45849,"2015-03-29","windows"
988,45942,"2014-08-05","mac"
989,45945,"2015-05-12","mac"
990,45949,"2015-07-01","ios"
991,45959,"2015-04-26","windows"
992,45966,"2014-12-01","android"
993,46040,"2015-03-21","mac"
994,46055,"2014-10-24","windows"
995,46130,"2015-02-01","mac"
996,46164,"2015-04-30","mac"
997,46205,"2015-06-26","android"
998,46215,"2014-09-09","windows"
999,46228,"2015-05-03","mac"
1000,46317,"2015-01-26","mac"
1001,46334,"2014-12-09","ios"
1002,46544,"2015-03-18","ios"
1003,46557,"2015-06-22","android"
1004,46577,"2014-12-01","mac"
1005,46590,"2014-07-31","android"
1006,46595,"2014-09-04","android"
1007,46601,"2014-12-20","ios"
1008,46605,"2014-10-04","ios"
1009,46628,"2015-04-23","windows"
1010,46631,"2015-06-01","mac"
1011,46704,"2015-03-09","mac"
1012,46706,"2015-02-12","mac"
1013,46715,"2014-08-02","windows"
1014,46732,"2015-04-17","windows"
1015,46847,"2014-11-20","windows"
1016,46936,"2014-08-08","android"
1017,46962,"2014-10-14","ios"
1018,46966,"2015-07-15","mac"
1019,46972,"2015-07-20","android"
1020,47000,"2015-02-21","android"
1021,47160,"2014-12-22","android"
1022,47217,"2014-11-05","android"
1023,47374,"2014-10-10","android"
1024,47472,"2014-11-20","windows"
1025,47477,"2014-08-28","windows"
1026,47531,"2015-05-06","android"
1027,47677,"2015-07-11","mac"
1028,47727,"2014-10-21","ios"
1029,47824,"2015-02-24","android"
1030,47825,"2014-08-21","ios"
1031,47841,"2015-04-17","windows"
1032,47855,"2015-03-01","ios"
1033,47856,"2015-05-09","mac"
1034,47860,"2015-02-14","windows"
1035,47881,"2015-01-02","mac"
1036,47902,"2015-07-02","mac"
1037,47978,"2015-04-15","mac"
1038,48035,"2015-01-10","ios"
1039,48057,"2014-11-20","ios"
1040,48086,"2014-10-04","windows"
1041,48122,"2014-08-12","mac"
1042,48128,"2015-02-22","android"
1043,48137,"2015-07-16","windows"
1044,48186,"2014-09-19","ios"
1045,48195,"2015-03-09","mac"
1046,48288,"2015-02-12","ios"
1047,48291,"2015-05-17","android"
1048,48363,"2014-08-04","android"
1049,48369,"2014-09-14","android"
1050,48398,"2015-02-03","windows"
1051,48417,"2014-09-15","ios"
1052,48428,"2015-01-16","mac"
1053,48430,"2015-05-21","android"
1054,48491,"2014-09-15","android"
1055,48526,"2014-08-17","mac"
1056,48554,"2014-08-01","mac"
1057,48588,"2014-09-01","android"
1058,48615,"2014-10-22","ios"
1059,48632,"2015-02-03","ios"
1060,48667,"2014-08-06","ios"
1061,48673,"2014-09-09","mac"
1062,48851,"2015-05-22","mac"
1063,48873,"2015-03-12","ios"
1064,48937,"2014-11-04","android"
1065,48945,"2014-12-13","android"
1066,49021,"2015-05-04","ios"
1067,49078,"2014-12-17","android"
1068,49118,"2014-09-15","ios"
1069,49124,"2015-05-31","mac"
1070,49159,"2015-06-30","windows"
1071,49160,"2015-07-06","windows"
1072,49239,"2014-10-14","android"
1073,49357,"2014-12-18","ios"
1074,49376,"2015-05-07","mac"
1075,49384,"2014-12-03","windows"
1076,49395,"2014-11-26","ios"
1077,49521,"2015-04-29","windows"
1078,49542,"2015-04-22","mac"
1079,49635,"2015-05-23","mac"
1080,49774,"2015-06-20","android"
1081,49776,"2015-05-27","mac"
1082,49835,"2015-02-17","android"
1083,49859,"2014-08-05","ios"
1084,49863,"2014-09-29","android"
1085,49945,"2015-05-19","android"
1086,50091,"2015-05-30","android"
1087,50162,"2015-04-19","windows"
1088,50185,"2015-04-25","windows"
1089,50189,"2015-06-12","mac"
1090,50248,"2014-08-22","ios"
1091,50437,"2015-02-09","mac"
1092,50478,"2015-01-17","mac"
1093,50520,"2014-11-01","windows"
1094,50520,"2015-02-21","ios"
1095,50523,"2014-09-22","ios"
1096,50550,"2015-01-06","windows"
1097,50567,"2015-05-26","android"
1098,50568,"2015-03-25","android"
1099,50609,"2014-12-31","windows"
1100,50615,"2015-04-29","windows"
1101,50629,"2015-05-25","ios"
1102,50642,"2015-07-09","android"
1103,50693,"2015-06-27","windows"
1104,50815,"2015-06-14","mac"
1105,50831,"2015-07-05","mac"
1106,50896,"2014-10-19","windows"
1107,50909,"2014-08-09","mac"
1108,51027,"2014-11-24","android"
1109,51038,"2015-06-16","ios"
1110,51088,"2014-09-10","ios"
1111,51133,"2014-11-28","windows"
1112,51161,"2015-01-21","windows"
1113,51201,"2014-11-11","mac"
1114,51230,"2014-08-28","ios"
1115,51296,"2015-07-03","mac"
1116,51354,"2015-07-05","ios"
1117,51374,"2014-08-09","ios"
1118,51379,"2014-11-30","ios"
1119,51460,"2014-08-25","android"
1120,51473,"2014-10-16","ios"
1121,51477,"2015-01-06","windows"
1122,51556,"2014-10-25","ios"
1123,51566,"2015-04-06","mac"
1124,51674,"2014-11-28","mac"
1125,51806,"2015-01-02","android"
1126,51842,"2014-10-22","ios"
1127,51862,"2014-10-02","ios"
1128,51887,"2014-08-10","mac"
1129,51895,"2015-01-16","ios"
1130,51925,"2015-05-30","mac"
1131,51952,"2015-01-23","android"
1132,51955,"2014-11-17","android"
1133,52025,"2015-05-06","ios"
1134,52070,"2014-07-29","windows"
1135,52103,"2015-06-04","windows"
1136,52124,"2014-08-27","android"
1137,52148,"2014-09-26","mac"
1138,52168,"2015-07-15","windows"
1139,52233,"2015-06-22","mac"
1140,52444,"2015-01-24","ios"
1141,52548,"2015-01-21","windows"
1142,52636,"2014-10-12","ios"
1143,52680,"2014-09-20","android"
1144,52683,"2014-10-15","mac"
1145,52776,"2015-06-07","windows"
1146,52891,"2015-06-20","mac"
1147,52896,"2014-08-28","android"
1148,52913,"2015-07-09","ios"
1149,52932,"2014-10-01","ios"
1150,53057,"2014-08-18","ios"
1151,53074,"2015-05-21","windows"
1152,53125,"2015-06-09","android"
1153,53162,"2015-03-11","ios"
1154,53191,"2014-09-05","android"
1155,53223,"2015-03-17","ios"
1156,53291,"2015-03-30","android"
1157,53360,"2015-03-04","android"
1158,53395,"2015-03-17","mac"
1159,53397,"2015-05-29","mac"
1160,53409,"2015-05-25","mac"
1161,53427,"2014-09-02","mac"
1162,53432,"2014-09-24","mac"
1163,53447,"2014-12-30","windows"
1164,53449,"2015-03-15","windows"
1165,53516,"2015-04-02","ios"
1166,53574,"2014-10-26","windows"
1167,53629,"2015-01-24","mac"
1168,53716,"2015-03-30","ios"
1169,53719,"2014-12-04","mac"
1170,53730,"2014-08-24","windows"
1171,53772,"2015-03-04","mac"
1172,53791,"2014-11-19","windows"
1173,53926,"2015-07-07","mac"
1174,53984,"2014-11-05","ios"
1175,54023,"2014-12-08","mac"
1176,54057,"2015-07-17","android"
1177,54096,"2014-10-25","mac"
1178,54109,"2015-07-21","ios"
1179,54142,"2015-01-28","windows"
1180,54146,"2014-11-22","android"
1181,54165,"2014-11-24","android"
1182,54182,"2015-04-27","mac"
1183,54226,"2015-07-20","mac"
1184,54373,"2015-05-19","mac"
1185,54427,"2015-02-04","android"
1186,54473,"2014-11-14","windows"
1187,54569,"2015-05-01","ios"
1188,54632,"2015-02-19","mac"
1189,54648,"2014-11-13","android"
1190,54650,"2015-04-24","ios"
1191,54666,"2014-08-09","android"
1192,54703,"2015-01-29","android"
1193,54744,"2015-02-08","windows"
1194,54908,"2015-06-01","ios"
1195,54918,"2015-01-07","windows"
1196,54933,"2015-04-04","android"
1197,54937,"2014-08-05","android"
1198,54947,"2015-02-01","android"
1199,54968,"2015-05-02","ios"
1200,54992,"2014-12-22","mac"